slug,full_name,user_role,categories,work_subcategory_slugs,location,address,phone,public_email,website,business_hours,services,languages,bio,seo_title,seo_meta_description,seo_slug,seo_keywords,directory_claim_email
bp-bau-darmstadt,B&P Bau,company,Construction Company|Renovation|Electrician|Plumbing|HVAC|Painting,masonry-partitions|painting-walls|painting-facade|electro-wiring|plumbing-install|hvac-ac|drywall-install,"Darmstadt, Hessen, Germany",,,,https://www.b-pbau.de/,,New build and renovation|Interior fit-out|Facade and painting|Electrical works|Sanitary and climate systems,de,"Construction and renovation company headquartered in Darmstadt. Public service list covers new build and renovation, interior fit-out, facade and painting work, plus electrical, sanitary, and climate trades.",B&P Bau — Construction Company in Darmstadt | DImarket,"B&P Bau offers new build and renovation, interior fit-out, facade and painting in Darmstadt, Germany. Find contact details on DImarket.",bp-bau-darmstadt,B&P Bau|Construction Company|Renovation|Electrician|Plumbing|HVAC|Painting|Darmstadt|Hessen|Germany|New build and renovation|Interior fit-out|Facade and painting|Electrical works|DImarket,directory+bp-bau-darmstadt@users.dimarket.app
domenico-di-santo-malerbetrieb-darmstadt,Domenico Di Santo Malerbetrieb,professional,Painting|Plastering|Drywall|Flooring|Renovation,painting-walls|painting-ceiling|plastering-manual|drywall-install|flooring-laminate|wallpaper-install,"Darmstadt, Hessen, Germany",,,,https://www.disanto-domenico.de/malerbetrieb-darmstadt/,,Painting|Wallpapering|Plastering|Drywall|Floor covering,de,"Family-run painting business serving Darmstadt and nearby towns. Publicly described services include painting, wallpapering, plastering, drywall, and floor covering for private, commercial, and institutional clients.",Domenico Di Santo Malerbetrieb — Painting in Darmstadt | DImarket,"Domenico Di Santo Malerbetrieb offers painting, wallpapering, plastering in Darmstadt, Germany. Find contact details on DImarket.",domenico-di-santo-malerbetrieb-darmstadt,Domenico Di Santo Malerbetrieb|Painting|Plastering|Drywall|Flooring|Renovation|Darmstadt|Hessen|Germany|Wallpapering|DImarket,directory+domenico-di-santo-malerbetrieb-darmstadt@users.dimarket.app
heinrich-schmid-darmstadt,Heinrich Schmid GmbH & Co. KG — Darmstadt,company,Painting|Drywall|Flooring|Tiles|Plastering|Insulation|Renovation,painting-walls|painting-facade|drywall-install|drywall-partitions|flooring-parquet|flooring-laminate|flooring-screed|tiling-install|plastering-manual|facade-insulation|insulation-thermal|facade-repair,"Darmstadt, Hessen, Germany","Gräfenhäuser Straße 36, 64293 Darmstadt",+49 6151 1301912,darmstadt@heinrich-schmid.de,https://www.heinrich-schmid.com/standorte/darmstadt-273/,,Painting|Drywall|Flooring and screed|Tiling|Plaster and stucco|Facade renovation|Thermal insulation|Project coordination,de|en,"Regional branch of a German trades company in Darmstadt. Public location lists painting, drywall, flooring, tiling, plaster, facade renovation, and insulation for residential and commercial interiors.",Heinrich Schmid GmbH & Co. KG — Darmstadt — Painting in Darmstadt | DI,"Heinrich Schmid GmbH & Co. KG — Darmstadt offers painting, drywall, flooring and screed in Darmstadt, Germany. Find contact details on DImarket.",heinrich-schmid-darmstadt,Heinrich Schmid GmbH & Co. KG — Darmstadt|Painting|Drywall|Flooring|Tiles|Plastering|Insulation|Renovation|Darmstadt|Hessen|Germany|Flooring and screed|Tiling|DImarket,directory+heinrich-schmid-darmstadt@users.dimarket.app
kraft-gmbh-darmstadt,Kraft GmbH Darmstadt,company,Painting|Drywall|Renovation|Construction Company,painting-walls|painting-ceiling|drywall-install|plastering-manual,"Darmstadt, Hessen, Germany","Messeler-Park-Straße 119 A, 64291 Darmstadt",+49 6151 384170,,https://www.kraft-gmbh-darmstadt.de/,,Interior painting|Finishing trades|Renovation of living and work spaces,de,Darmstadt finishing trades company with a public workshop address in the Messeler Park area. Listed services focus on interior painting and renovation of residential and commercial rooms.,Kraft GmbH Darmstadt — Painting in Darmstadt | DImarket,"Kraft GmbH Darmstadt offers interior painting, finishing trades, renovation of living and work spaces in Darmstadt, Germany. Find contact details on DImarket.",kraft-gmbh-darmstadt,Kraft GmbH Darmstadt|Painting|Drywall|Renovation|Construction Company|Darmstadt|Hessen|Germany|Interior painting|Finishing trades|Renovation of living and work spaces|DImarket,directory+kraft-gmbh-darmstadt@users.dimarket.app
patrick-noel-malerhandwerk-darmstadt,Patrick Noël Malerhandwerk GmbH,company,Painting|Plastering|Demolition|Renovation,painting-walls|painting-ceiling|painting-facade|plastering-manual|demolition-walls|demolition-partitions,"Darmstadt, Hessen, Germany","In der Kirchtanne 27, 64297 Darmstadt",+49 6151 5013326,info@noel-malerhandwerk.de,https://www.noel-malerhandwerk.de/,,Painting and coating|Interior finishing|Selective demolition / strip-out|Damage-related renovation support,de,"Registered painting trades company in Darmstadt-Eberstadt. Public impressum lists painting and related finishing work, with selective demolition and renovation support for private and commercial properties.",Patrick Noël Malerhandwerk GmbH — Painting in Darmstadt | DImarket,"Patrick Noël Malerhandwerk GmbH offers painting and coating, interior finishing, selective demolition / strip-out in Darmstadt, Germany. Find contact details on",patrick-noel-malerhandwerk-darmstadt,Patrick Noël Malerhandwerk GmbH|Painting|Plastering|Demolition|Renovation|Darmstadt|Hessen|Germany|Painting and coating|Interior finishing|Selective demolition / strip-out|Damage-related renovation support|DImarket,directory+patrick-noel-malerhandwerk-darmstadt@users.dimarket.app
stark-elektro-darmstadt,Stark Elektro,company,Electrician,electro-wiring|electro-rewiring|electro-panels|electro-lighting|electro-smart-home|solar-panels|solar-installation|smart-home-systems,"Darmstadt, Hessen, Germany","Moltkestraße 21, 64295 Darmstadt",+49 177 6988882,info@stark-elektro.de,https://stark-elektro.de/,Mon–Fri 08:00–17:00,Electrical installation|Rewiring and renovation electrics|Photovoltaic systems|Wallbox / EV charging|Smart home and network cabling|Electrical planning,de|en,"Master electrician company based in Darmstadt serving the Rhine-Main area. Publicly listed services cover electrical installation and renovation, photovoltaic systems, EV wallboxes, and smart-home wiring for residential and commercial clients.",Stark Elektro — Electrician in Darmstadt | DImarket,"Stark Elektro offers electrical installation, rewiring and renovation electrics, photovoltaic systems in Darmstadt, Germany. Find contact details on DImarket.",stark-elektro-darmstadt,Stark Elektro|Electrician|Darmstadt|Hessen|Germany|Electrical installation|Rewiring and renovation electrics|Photovoltaic systems|Wallbox / EV charging|DImarket,directory+stark-elektro-darmstadt@users.dimarket.app
zimmermann-und-sohn-darmstadt,Zimmermann & Sohn GmbH,company,Painting|Plastering|Drywall|Flooring|Tiles|Insulation|Renovation,painting-walls|painting-facade|plastering-manual|plastering-decorative|drywall-install|flooring-parquet|tiling-install|facade-insulation|wallpaper-install,"Darmstadt, Hessen, Germany","Marienburgstraße 1, 64297 Darmstadt",+49 6151 46297,,https://zimmermannundsohn.de/,,Painting and wallpapering|Plastering|Drywall|Flooring and tiling|Facade renovation|Thermal insulation|Heritage restoration support,de,"Long-established painting and finishing company in Darmstadt. Public site lists painting, plastering, drywall, flooring, tiling, facade work, and insulation for renovation and heritage-related projects.",Zimmermann & Sohn GmbH — Painting in Darmstadt | DImarket,"Zimmermann & Sohn GmbH offers painting and wallpapering, plastering, drywall in Darmstadt, Germany. Find contact details on DImarket.",zimmermann-und-sohn-darmstadt,Zimmermann & Sohn GmbH|Painting|Plastering|Drywall|Flooring|Tiles|Insulation|Renovation|Darmstadt|Hessen|Germany|Painting and wallpapering|Flooring and tiling|DImarket,directory+zimmermann-und-sohn-darmstadt@users.dimarket.app
carbonell-reformas-alicante,Carbonell Reformas Alicante,company,Renovation|Plumbing|Electrician|Tiles|Interior Design,plumbing-install|electro-wiring|tiling-bathroom|tiling-kitchen|painting-walls|carpentry-doors-install|design-engineering-interior|demolition-partitions,"Alicante, Valencia, Spain",,+34 966 262 802,,https://carbonellreformasalicante.com/,Mon–Sat 09:00–20:30,Full flat renovations|Bathroom renovations|Kitchen renovations|Facade rehabilitation|Commercial and office fit-out,es|en,"Alicante renovation firm established around 2010. Public listings cover full-flat, bathroom, and kitchen renovations plus facade and commercial fit-out work, with published weekday and Saturday hours.",Carbonell Reformas Alicante — Renovation in Alicante | DImarket,"Carbonell Reformas Alicante offers full flat renovations, bathroom renovations, kitchen renovations in Alicante, Spain. Find contact details on DImarket.",carbonell-reformas-alicante,Carbonell Reformas Alicante|Renovation|Plumbing|Electrician|Tiles|Interior Design|Alicante|Valencia|Spain|Full flat renovations|Bathroom renovations|Kitchen renovations|Facade rehabilitation|DImarket,directory+carbonell-reformas-alicante@users.dimarket.app
coypa-fontaneria-reformas-alicante,Coypa Reformas y Fontanería Alicante,company,Plumbing|Renovation|Electrician|HVAC,plumbing-install|plumbing-repair|plumbing-showers|electro-wiring|hvac-ac|tiling-bathroom,"Alicante, Valencia, Spain","Calle Nou d'Octubre, 03012 Alicante",,,https://fontaneriayreformasalicante.com/,,Plumbing repairs and bathroom renovations|Electrical interventions|Air-conditioning related works|Vertical / height-access interventions,es,"Alicante plumbing and renovation company with a public address on Calle Nou d’Octubre. Services listed include bathroom renovations, plumbing repairs, electrical work, and air-conditioning interventions.",Coypa Reformas y Fontanería Alicante — Plumbing in Alicante | DImarket,"Coypa Reformas y Fontanería Alicante offers plumbing repairs and bathroom renovations, electrical interventions, air-conditioning related works in Alicante, Spa",coypa-fontaneria-reformas-alicante,Coypa Reformas y Fontanería Alicante|Plumbing|Renovation|Electrician|HVAC|Alicante|Valencia|Spain|Plumbing repairs and bathroom renovations|Electrical interventions|Air-conditioning related works|Vertical / height-access interventions|DImarket,directory+coypa-fontaneria-reformas-alicante@users.dimarket.app
explanada-reformas-alicante,Explanada Reformas,company,Renovation|Construction Company,masonry-partitions|plumbing-install|electro-wiring|painting-walls|tiling-install|flooring-laminate,"Alicante, Valencia, Spain","Calle Jacinto Maltés 28, 03012 Alicante",+34 865 443 420,,https://reformasintegralesalicante.pro/,,Full home renovations|Commercial premises renovations|Second-home renovations,es,"Alicante renovation company with a public office on Calle Jacinto Maltés. Listed projects cover full residential renovations, commercial premises, and second homes in Alicante and nearby areas.",Explanada Reformas — Renovation in Alicante | DImarket,"Explanada Reformas offers full home renovations, commercial premises renovations, second-home renovations in Alicante, Spain. Find contact details on DImarket.",explanada-reformas-alicante,Explanada Reformas|Renovation|Construction Company|Alicante|Valencia|Spain|Full home renovations|Commercial premises renovations|Second-home renovations|DImarket,directory+explanada-reformas-alicante@users.dimarket.app
multihogar-alicante,MultiHogar Alicante,company,Plumbing|Electrician|Windows,plumbing-repair|plumbing-install|electro-wiring|electro-outlets|electro-lighting|windows-repair,"Alicante, Valencia, Spain","Calle Xixona 16, El Campello, Alicante",+34 627 378 977,,https://multihogaralicante.es/,,Emergency plumbing|Authorized electrical repairs and renovations|Blind and shutter repairs|Home maintenance call-outs,es,"Home services company based in El Campello (Alicante province). Public contact lists plumbing, authorized electrical work, shutter repairs, and general residential call-outs.",MultiHogar Alicante — Plumbing in Alicante | DImarket,"MultiHogar Alicante offers emergency plumbing, authorized electrical repairs and renovations, blind and shutter repairs in Alicante, Spain. Find contact details",multihogar-alicante,MultiHogar Alicante|Plumbing|Electrician|Windows|Alicante|Valencia|Spain|Emergency plumbing|Authorized electrical repairs and renovations|Blind and shutter repairs|Home maintenance call-outs|DImarket,directory+multihogar-alicante@users.dimarket.app
reformas-alacant,Reformas Alacant,company,Renovation|Plumbing|Electrician|Painting|Drywall|Doors|Demolition,plumbing-install|plumbing-showers|electro-wiring|electro-lighting|painting-walls|drywall-install|drywall-suspended-ceiling|carpentry-doors-install|masonry-partitions|tiling-bathroom|tiling-kitchen|demolition-partitions,"Alicante, Valencia, Spain",,+34 634 579 438,,https://reformasalacant.es/,,Full apartment renovations|Kitchen and bathroom renovations|Plumbing and electrical|Carpentry and drywall|Painting and finishes|Commercial premises fit-out,es|en,"Alicante renovation company coordinating in-house plumbing, electrical, carpentry, drywall, masonry, and painting trades. Public contact lists full-home, kitchen, bathroom, and commercial premises renovations across the city.",Reformas Alacant — Renovation in Alicante | DImarket,"Reformas Alacant offers full apartment renovations, kitchen and bathroom renovations, plumbing and electrical in Alicante, Spain. Find contact details on DImark",reformas-alacant,Reformas Alacant|Renovation|Plumbing|Electrician|Painting|Drywall|Doors|Demolition|Alicante|Valencia|Spain|Full apartment renovations|Kitchen and bathroom renovations|Plumbing and electrical|Carpentry and drywall|DImarket,directory+reformas-alacant@users.dimarket.app
reformas-esquivel-alicante,Reformas Esquivel,professional,Plumbing|Painting|Renovation|Tiles|Doors|Windows,plumbing-repair|plumbing-install|plumbing-showers|painting-walls|tiling-install|masonry-partitions|carpentry-doors-install|windows-install,"Alicante, Valencia, Spain",,,,https://www.reformasesquivel.com/,,Plumbing repairs and installations|Masonry and tiling|Painting|Door and window fitting,es,"Independent renovation trades business serving Alicante. Public service list includes plumbing, masonry, tiling, painting, and door/window fitting for residential clients.",Reformas Esquivel — Plumbing in Alicante | DImarket,"Reformas Esquivel offers plumbing repairs and installations, masonry and tiling, painting in Alicante, Spain. Find contact details on DImarket.",reformas-esquivel-alicante,Reformas Esquivel|Plumbing|Painting|Renovation|Tiles|Doors|Windows|Alicante|Valencia|Spain|Plumbing repairs and installations|Masonry and tiling|Door and window fitting|DImarket,directory+reformas-esquivel-alicante@users.dimarket.app
urbasan-alicante,Urbasan Reformas & Interiorismo,company,Renovation|Interior Design|Tiles|Plumbing|Electrician,design-engineering-interior|tiling-bathroom|tiling-kitchen|plumbing-install|electro-wiring|painting-walls|carpentry-doors-install,"Alicante, Valencia, Spain","Calle San Agatángelo 13, 03007 Alicante",+34 965 133 046,info@urbasan.com,https://www.urbasan.com/,,Turnkey renovations|Kitchen renovations|Bathroom renovations|Interior design coordination,es,Alicante renovation and interior-design company with a public showroom address on Calle San Agatángelo. Listed work includes turnkey home renovations plus kitchen and bathroom projects.,Urbasan Reformas & Interiorismo — Renovation in Alicante | DImarket,"Urbasan Reformas & Interiorismo offers turnkey renovations, kitchen renovations, bathroom renovations in Alicante, Spain. Find contact details on DImarket.",urbasan-alicante,Urbasan Reformas & Interiorismo|Renovation|Interior Design|Tiles|Plumbing|Electrician|Alicante|Valencia|Spain|Turnkey renovations|Kitchen renovations|Bathroom renovations|Interior design coordination|DImarket,directory+urbasan-alicante@users.dimarket.app
bilbao-fontaneros,Bilbao Fontaneros,company,Plumbing|HVAC|Renovation,plumbing-repair|plumbing-install|plumbing-heating|plumbing-boilers|plumbing-showers|hvac-heating|tiling-bathroom,"Bilbao, Basque Country, Spain","Camino Ugasko 19, 48014 Bilbao",+34 944 483 647,,https://www.bilbaofontaneros.com/,Mon–Fri 08:00–20:00; Sat 09:00–15:00,Plumbing repairs and installations|Emergency plumbing within published hours|Bathroom renovations and shower tray conversions|Heating and hot-water systems,es|eu,"Bilbao plumbing company with a published address in Ugasko and weekday/Saturday hours. Public services cover plumbing repairs and installations, bathroom renovations, heating/hot water, and urgent call-outs within stated hours across Bizkaia.",Bilbao Fontaneros — Plumbing in Bilbao | DImarket,"Bilbao Fontaneros offers plumbing repairs and installations, emergency plumbing within published hours, bathroom renovations and shower tray conversions in Bilb",bilbao-fontaneros,Bilbao Fontaneros|Plumbing|HVAC|Renovation|Bilbao|Basque Country|Spain|Plumbing repairs and installations|Emergency plumbing within published hours|Bathroom renovations and shower tray conversions|Heating and hot-water systems|DImarket,directory+bilbao-fontaneros@users.dimarket.app
reformas-vilar-barcelona,Reformas Vilar,company,Renovation|Plumbing|Electrician|Painting|Drywall|Doors|Tiles,plumbing-install|electro-wiring|painting-walls|drywall-install|masonry-partitions|carpentry-doors-install|tiling-bathroom|tiling-kitchen|windows-aluminum,"Esplugues de Llobregat, Catalonia, Spain","Carrer dels Caquis 7, 08950 Esplugues de Llobregat, Barcelona",+34 678 824 747,info@reformasvilar.com,https://reformasvilar.com/,,"Full home renovations|Bathroom and kitchen renovations|Commercial premises fit-out|Drywall, painting, carpentry|Plumbing and electrical works|Facade rehabilitation",es|ca,"Barcelona-area renovation company based in Esplugues de Llobregat. Public contact lists full and partial renovations of homes, bathrooms, kitchens, and commercial premises with plumbing, electrical, drywall, painting, and carpentry trades.",Reformas Vilar — Renovation in Esplugues de Llobregat | DImarket,"Reformas Vilar offers full home renovations, bathroom and kitchen renovations, commercial premises fit-out in Esplugues de Llobregat, Spain. Find contact detail",reformas-vilar-barcelona,"Reformas Vilar|Renovation|Plumbing|Electrician|Painting|Drywall|Doors|Tiles|Esplugues de Llobregat|Catalonia|Spain|Full home renovations|Bathroom and kitchen renovations|Commercial premises fit-out|Drywall, painting, carpentry|DImarket",directory+reformas-vilar-barcelona@users.dimarket.app
fontaneros-granada,Fontaneros Granada,company,Plumbing|Renovation,plumbing-repair|plumbing-install|plumbing-boilers|plumbing-showers|tiling-bathroom,"Granada, Andalusia, Spain",,+34 958 223 491,,https://granadafontaneros.com/,24/7 emergency call-outs,24h plumbing emergencies|Leak and blockage repairs|Water-heater and boiler work|Bathroom renovations and bathtub-to-shower conversions,es,"Granada plumbing company publicly listing round-the-clock emergency call-outs plus scheduled installations, boiler/heater work, and bathroom renovation services across Granada city and nearby municipalities.",Fontaneros Granada — Plumbing in Granada | DImarket,"Fontaneros Granada offers 24h plumbing emergencies, leak and blockage repairs, water-heater and boiler work in Granada, Spain. Find contact details on DImarket.",fontaneros-granada,Fontaneros Granada|Plumbing|Renovation|Granada|Andalusia|Spain|24h plumbing emergencies|Leak and blockage repairs|Water-heater and boiler work|Bathroom renovations and bathtub-to-shower conversions|DImarket,directory+fontaneros-granada@users.dimarket.app
instalaciones-y-reformas-barcelona,Instalaciones y Reformas,company,Electrician|Renovation,electro-wiring|electro-panels|electro-lighting|electro-outlets|plumbing-install,"L'Hospitalet de Llobregat, Catalonia, Spain","Calle Miralta 1, tienda 1, L'Hospitalet de Llobregat",+34 933 377 548,info@instalacionesyreformas.es,https://www.instalacionesyreformas.es/,,Electrical installations and reforms in Barcelona|Related renovation support works,es|ca,Electrical installation and renovation company with a published shop address in L’Hospitalet de Llobregat serving the Barcelona area. Public phones and email are listed for electrical reforms and related works.,Instalaciones y Reformas — Electrician in L'Hospitalet de Llobregat | ,"Instalaciones y Reformas offers electrical installations and reforms in barcelona, related renovation support works in L'Hospitalet de Llobregat, Spain. Find co",instalaciones-y-reformas-barcelona,Instalaciones y Reformas|Electrician|Renovation|L'Hospitalet de Llobregat|Catalonia|Spain|Electrical installations and reforms in Barcelona|Related renovation support works|DImarket,directory+instalaciones-y-reformas-barcelona@users.dimarket.app
construcciones-carmona-madrid,Construcciones Carmona,company,Construction Company|Renovation|Plumbing|Electrician|HVAC|Painting|Doors,masonry-brick|masonry-partitions|plumbing-install|electro-wiring|hvac-ac|painting-walls|carpentry-doors-install|carpentry-wood-structures,"Madrid, Madrid, Spain","Calle Prado Egido 40, 28492 Mataelpino (El Boalo), Madrid",+34 613 014 831,,https://construccionesreformasmadrid.es/,Mon–Fri 11:00–14:00 and 18:00–20:00,Full renovations of homes and premises|Masonry|Plumbing and electrical|Carpentry|Climate systems|Painting and finishes,es,"Family construction and renovation company based in Mataelpino, covering Madrid city and the northwest sierra municipalities. Public hours and trades include masonry, plumbing, electrical, carpentry, climate, and painting.",Construcciones Carmona — Construction Company in Madrid | DImarket,"Construcciones Carmona offers full renovations of homes and premises, masonry, plumbing and electrical in Madrid, Spain. Find contact details on DImarket.",construcciones-carmona-madrid,Construcciones Carmona|Construction Company|Renovation|Plumbing|Electrician|HVAC|Painting|Doors|Madrid|Spain|Full renovations of homes and premises|Masonry|Plumbing and electrical|Carpentry|DImarket,directory+construcciones-carmona-madrid@users.dimarket.app
jm-reformas-elite-madrid,JM Reformas Élite S.L.,company,Renovation|Demolition|Plumbing|Electrician|Painting|Tiles,demolition-partitions|demolition-walls|masonry-partitions|plumbing-install|electro-wiring|painting-walls|tiling-install|carpentry-doors-install,"Madrid, Madrid, Spain","Calle Ricardo Beltrán y Rozpide 7, 28026 Madrid",+34 624 614 361,jmreformaselite@gmail.com,https://jmreformaselite.com/,,Full renovations|Bathroom and kitchen renovations|Demolition and masonry|Plumbing and electrical|Painting and tiling finishes,es,"Madrid renovation company (S.L.) with a published address in the south of the city. Public services span demolition, masonry, plumbing, electrical work, painting, tiling, and full home renovations.",JM Reformas Élite S.L. — Renovation in Madrid | DImarket,"JM Reformas Élite S.L. offers full renovations, bathroom and kitchen renovations, demolition and masonry in Madrid, Spain. Find contact details on DImarket.",jm-reformas-elite-madrid,JM Reformas Élite S.L.|Renovation|Demolition|Plumbing|Electrician|Painting|Tiles|Madrid|Spain|Full renovations|Bathroom and kitchen renovations|Demolition and masonry|Plumbing and electrical|DImarket,directory+jm-reformas-elite-madrid@users.dimarket.app
refiser-madrid,REFISER — Obras y Reformas,company,Renovation|Plumbing|Electrician|Painting|Construction Company,masonry-partitions|plumbing-install|plumbing-repair|plumbing-heating|electro-wiring|electro-outlets|painting-walls|carpentry-doors-install,"Madrid, Madrid, Spain","Calle Ebanistería 3, 28037 Madrid",+34 638 419 932,,https://refiser.com/,,Full renovations of homes and premises|Masonry|Plumbing and heating|Electrical installation and repairs|Painting and carpentry,es,"Madrid renovation and building-works company with a public office on Calle Ebanistería. Listed trades include masonry, plumbing, electrical work, painting, and carpentry for homes and commercial premises.",REFISER — Obras y Reformas — Renovation in Madrid | DImarket,"REFISER — Obras y Reformas offers full renovations of homes and premises, masonry, plumbing and heating in Madrid, Spain. Find contact details on DImarket.",refiser-madrid,REFISER — Obras y Reformas|Renovation|Plumbing|Electrician|Painting|Construction Company|Madrid|Spain|Full renovations of homes and premises|Masonry|Plumbing and heating|Electrical installation and repairs|DImarket,directory+refiser-madrid@users.dimarket.app
reformas-multiservicios-moraga-madrid,Reformas y Multiservicios Moraga,company,Plumbing|Renovation|Electrician|Painting|Flooring|Doors,plumbing-repair|plumbing-boilers|plumbing-showers|electro-wiring|painting-walls|flooring-laminate|carpentry-doors-install,"Madrid, Madrid, Spain","Calle Menasalbas 2, Madrid",+34 625 112 025,,https://www.reformasymultiservicios.es/,,Plumbing call-outs and boiler work|Bathroom renovations|Kitchen renovations|Electrical and painting works|Floating floors and doors,es,"Madrid multi-service renovation and plumbing company with a public address on Calle Menasalbas. Listed work includes plumbing call-outs, bathroom and kitchen renovations, electrical work, painting, floors, and doors.",Reformas y Multiservicios Moraga — Plumbing in Madrid | DImarket,"Reformas y Multiservicios Moraga offers plumbing call-outs and boiler work, bathroom renovations, kitchen renovations in Madrid, Spain. Find contact details on ",reformas-multiservicios-moraga-madrid,Reformas y Multiservicios Moraga|Plumbing|Renovation|Electrician|Painting|Flooring|Doors|Madrid|Spain|Plumbing call-outs and boiler work|Bathroom renovations|Kitchen renovations|Electrical and painting works|DImarket,directory+reformas-multiservicios-moraga-madrid@users.dimarket.app
grupo-reinsol-malaga,Grupo Reinsol,company,Construction Company|Renovation|Interior Design|Plumbing|Electrician,masonry-brick|masonry-partitions|plumbing-install|electro-wiring|painting-walls|facade-repair|design-engineering-interior,"Málaga, Andalusia, Spain","Calle Sebastián Souvirón 8, 1º, 29005 Málaga",+34 661 948 116,reinsol@gruporeinsol.com,https://www.gruporeinsol.com/,,Full home renovations|Kitchen and bathroom renovations|Commercial and office renovations|Facade and building rehabilitation|Interior design coordination|Community maintenance works,es,"Málaga construction and renovation company with a published city-centre office. Public services include full renovations, kitchens, bathrooms, commercial spaces, facade rehabilitation, interior design, and community maintenance.",Grupo Reinsol — Construction Company in Málaga | DImarket,"Grupo Reinsol offers full home renovations, kitchen and bathroom renovations, commercial and office renovations in Málaga, Spain. Find contact details on DImark",grupo-reinsol-malaga,Grupo Reinsol|Construction Company|Renovation|Interior Design|Plumbing|Electrician|Málaga|Andalusia|Spain|Full home renovations|Kitchen and bathroom renovations|Commercial and office renovations|Facade and building rehabilitation|DImarket,directory+grupo-reinsol-malaga@users.dimarket.app
insergan-malaga,Insergan Servicios y Mantenimientos S.L.,company,Construction Company|Renovation,masonry-brick|masonry-partitions|facade-repair|plumbing-install|electro-wiring|painting-walls,"Málaga, Andalusia, Spain","Calle La Flauta Mágica 7, 29006 Málaga",+34 952 313 006,,https://insergan.com/,,Building rehabilitation and renovations|Residential and commercial fit-out|Community repair works|Technical advice on maintenance and rehabilitation,es,"Family construction and maintenance company in Málaga. Public listings cover rehabilitation, renovations of homes and commercial premises, community repairs, and technical advice for building maintenance in Málaga and eastern Andalusia.",Insergan Servicios y Mantenimientos S.L. — Construction Company in Mál,"Insergan Servicios y Mantenimientos S.L. offers building rehabilitation and renovations, residential and commercial fit-out, community repair works in Málaga, S",insergan-malaga,Insergan Servicios y Mantenimientos S.L.|Construction Company|Renovation|Málaga|Andalusia|Spain|Building rehabilitation and renovations|Residential and commercial fit-out|Community repair works|Technical advice on maintenance and rehabilitation|DImarket,directory+insergan-malaga@users.dimarket.app
reformas-group-malaga,Reformas Group S.L.,company,Renovation|Plumbing|Electrician|Tiles|Painting,masonry-partitions|plumbing-install|electro-wiring|tiling-bathroom|tiling-kitchen|painting-walls|carpentry-doors-install,"Málaga, Andalusia, Spain","Calle Emilio López Cerezo 5, 29006 Málaga",+34 684 744 071,presupuestos@reformasgroup.com,https://reformasgroup.es/,,Full and partial renovations|Kitchen and bathroom renovations|Chalet and apartment renovations|Commercial and office fit-out on the Costa del Sol,es|en,"Málaga renovation company (S.L.) with a published office on Emilio López Cerezo. Public listings cover full and partial renovations of homes, chalets, kitchens, bathrooms, offices, and commercial spaces in Málaga and Costa del Sol municipalities.",Reformas Group S.L. — Renovation in Málaga | DImarket,"Reformas Group S.L. offers full and partial renovations, kitchen and bathroom renovations, chalet and apartment renovations in Málaga, Spain. Find contact detai",reformas-group-malaga,Reformas Group S.L.|Renovation|Plumbing|Electrician|Tiles|Painting|Málaga|Andalusia|Spain|Full and partial renovations|Kitchen and bathroom renovations|Chalet and apartment renovations|Commercial and office fit-out on the Costa del Sol|DImarket,directory+reformas-group-malaga@users.dimarket.app
castillo-reformas-murcia,Castillo Reformas,company,Renovation|Plumbing|Electrician|Tiles|Flooring|Drywall|Painting,tiling-bathroom|tiling-kitchen|flooring-laminate|drywall-install|plumbing-install|electro-wiring|painting-walls|masonry-partitions|carpentry-doors-install|facade-repair,"Murcia, Murcia, Spain",,+34 619 861 323,hola@castilloreformas.com,https://www.castilloreformas.com/,,"Full renovations|Kitchen and bathroom renovations|Tiling and flooring|Drywall, plumbing, electrical, carpentry|Facade rehabilitation",es,"Murcia-region renovation company with a published phone and email. Public services include full renovations, kitchens, bathrooms, tiling, flooring, drywall, plumbing, electrical work, carpentry, and facade rehabilitation across Murcia and nearby towns.",Castillo Reformas — Renovation in Murcia | DImarket,"Castillo Reformas offers full renovations, kitchen and bathroom renovations, tiling and flooring in Murcia, Spain. Find contact details on DImarket.",castillo-reformas-murcia,"Castillo Reformas|Renovation|Plumbing|Electrician|Tiles|Flooring|Drywall|Painting|Murcia|Spain|Full renovations|Kitchen and bathroom renovations|Tiling and flooring|Drywall, plumbing, electrical, carpentry|DImarket",directory+castillo-reformas-murcia@users.dimarket.app
tecniasist-granada,TECNIASIST,company,Renovation|Plumbing|Electrician|Painting|Drywall|Tiles|Doors,plumbing-repair|plumbing-install|electro-wiring|painting-walls|drywall-install|masonry-partitions|tiling-install|carpentry-doors-install|demolition-partitions,"Peligros, Andalusia, Spain","Calle Baza 19, Local 7, 18210 Peligros (Polígono Industrial Juncaril), Granada",+34 645 515 888,granada@tecniasist.es,https://tecniasist.es/,Mon–Fri 09:00–20:00,"Full renovations|Emergency plumbing|Electrical works|Masonry, drywall, painting, tiling|Locksmith / access-related call-outs|General home repairs",es,"Granada-area renovation and repair company based in Peligros (Juncaril industrial estate). Public hours and services cover full renovations, emergency plumbing, electrical work, masonry, drywall, painting, tiling, and general home repairs across Granada metro.",TECNIASIST — Renovation in Peligros | DImarket,"TECNIASIST offers full renovations, emergency plumbing, electrical works in Peligros, Spain. Find contact details on DImarket.",tecniasist-granada,"TECNIASIST|Renovation|Plumbing|Electrician|Painting|Drywall|Tiles|Doors|Peligros|Andalusia|Spain|Full renovations|Emergency plumbing|Electrical works|Masonry, drywall, painting, tiling|DImarket",directory+tecniasist-granada@users.dimarket.app
dereforma-sevilla,DeReformaSevilla,company,Renovation|Tiles|Plumbing|Electrician|Painting,masonry-partitions|tiling-bathroom|tiling-kitchen|plumbing-install|electro-wiring|painting-walls|facade-repair,"Sevilla, Andalusia, Spain",,+34 614 174 191,info@dereformasevilla.es,https://dereformasevilla.es/,Mon–Fri 09:00–17:00,Full flat renovations|Bathroom and kitchen renovations|Commercial premises and office renovations|Terrace and facade works,es,"Seville renovation company with published weekday hours. Public service list covers flats, bathrooms, kitchens, offices, commercial premises, terraces, and facade-related renovations across Seville districts.",DeReformaSevilla — Renovation in Sevilla | DImarket,"DeReformaSevilla offers full flat renovations, bathroom and kitchen renovations, commercial premises and office renovations in Sevilla, Spain. Find contact deta",dereforma-sevilla,DeReformaSevilla|Renovation|Tiles|Plumbing|Electrician|Painting|Sevilla|Andalusia|Spain|Full flat renovations|Bathroom and kitchen renovations|Commercial premises and office renovations|Terrace and facade works|DImarket,directory+dereforma-sevilla@users.dimarket.app
reforma-integral-vlc-torrent,Reforma Integral VLC,company,Renovation|Electrician|Plumbing|Painting|Tiles,electro-wiring|plumbing-install|painting-walls|tiling-install|masonry-partitions|demolition-partitions,"Torrent, Valencia, Spain","Calle Germanies 11 Bajo, 46900 Torrent, Valencia",+34 696 583 457,,https://reformaintegralenvalencia.com/,,Full renovations in Valencia and surroundings|Electrical installation and repairs|Plumbing installation and repairs|Residential and commercial fit-out,es,Renovation company based in Torrent (Valencia metro area) with a published street address. Public services cover full renovations plus electrical and plumbing works for homes and businesses.,Reforma Integral VLC — Renovation in Torrent | DImarket,"Reforma Integral VLC offers full renovations in valencia and surroundings, electrical installation and repairs, plumbing installation and repairs in Torrent, Sp",reforma-integral-vlc-torrent,Reforma Integral VLC|Renovation|Electrician|Plumbing|Painting|Tiles|Torrent|Valencia|Spain|Full renovations in Valencia and surroundings|Electrical installation and repairs|Plumbing installation and repairs|Residential and commercial fit-out|DImarket,directory+reforma-integral-vlc-torrent@users.dimarket.app
lamin-reformas-fontaneria-valencia,Lamin Reformas y Fontanería,professional,Plumbing|Electrician|Renovation,plumbing-repair|plumbing-install|plumbing-showers|electro-wiring|tiling-bathroom|tiling-kitchen,"Valencia, Valencia, Spain",,,,https://reformaslamin.com/,24/7 emergency plumbing and electrical call-outs,24h plumbing emergencies|Electrical repairs and installations|Bathroom and kitchen renovations|General home renovations,es,"Valencia plumbing and renovation business publicly advertising round-the-clock plumbing and electrical emergencies plus bathroom, kitchen, and general home renovations across the Valencian Community.",Lamin Reformas y Fontanería — Plumbing in Valencia | DImarket,"Lamin Reformas y Fontanería offers 24h plumbing emergencies, electrical repairs and installations, bathroom and kitchen renovations in Valencia, Spain. Find con",lamin-reformas-fontaneria-valencia,Lamin Reformas y Fontanería|Plumbing|Electrician|Renovation|Valencia|Spain|24h plumbing emergencies|Electrical repairs and installations|Bathroom and kitchen renovations|General home renovations|DImarket,directory+lamin-reformas-fontaneria-valencia@users.dimarket.app
reformas-valencia-10,Reformas Valencia 10,company,Renovation|Plumbing|Electrician|Painting|Drywall|Tiles,masonry-partitions|plumbing-install|electro-wiring|painting-walls|drywall-install|tiling-bathroom|tiling-kitchen|carpentry-doors-install,"Valencia, Valencia, Spain","Carrer de Sant Vicent Màrtir, Extramurs, Valencia",,,https://reformasvalencia10.es/,,"Full flat renovations|Kitchen and bathroom renovations|Commercial premises and community works|Masonry, plumbing, electrical, painting, drywall",es,"Valencia-city renovation firm with a public base in the Extramurs area. Listed work includes full renovations, kitchens, bathrooms, commercial premises, and coordinated masonry, plumbing, electrical, painting, and drywall trades.",Reformas Valencia 10 — Renovation in Valencia | DImarket,"Reformas Valencia 10 offers full flat renovations, kitchen and bathroom renovations, commercial premises and community works in Valencia, Spain. Find contact de",reformas-valencia-10,"Reformas Valencia 10|Renovation|Plumbing|Electrician|Painting|Drywall|Tiles|Valencia|Spain|Full flat renovations|Kitchen and bathroom renovations|Commercial premises and community works|Masonry, plumbing, electrical, painting, drywall|DImarket",directory+reformas-valencia-10@users.dimarket.app
vr-valencia-reformas,VR Valencia Reformas,company,Renovation|Plumbing|Electrician|Painting|Drywall|HVAC|Architecture,plumbing-install|electro-wiring|painting-walls|drywall-install|hvac-ac|tiling-bathroom|tiling-kitchen|design-engineering-architect|carpentry-doors-install,"Valencia, Valencia, Spain",,+34 963 145 430,,https://www.vrvalenciareformas.com/,,Full renovations of homes and premises|Plumbing and electrical works|Interior and exterior painting|Drywall|Air-conditioning installation|Architecture coordination,es,"Valencia renovation company publicly listing full-home and commercial renovations with plumbing, electrical, painting, drywall, and air-conditioning trades, plus architecture support for chalets, flats, and offices.",VR Valencia Reformas — Renovation in Valencia | DImarket,"VR Valencia Reformas offers full renovations of homes and premises, plumbing and electrical works, interior and exterior painting in Valencia, Spain. Find conta",vr-valencia-reformas,VR Valencia Reformas|Renovation|Plumbing|Electrician|Painting|Drywall|HVAC|Architecture|Valencia|Spain|Full renovations of homes and premises|Plumbing and electrical works|Interior and exterior painting|DImarket,directory+vr-valencia-reformas@users.dimarket.app
seia-reformas-zaragoza,SEIA Reformas y Proyectos,company,Renovation|Interior Design|HVAC|Electrician|Doors|Architecture,tiling-bathroom|tiling-kitchen|carpentry-doors-install|hvac-heating|hvac-ac|electro-smart-home|electro-lighting|design-engineering-interior|design-engineering-architect|insulation-thermal,"Zaragoza, Aragon, Spain","Calle Rosalía de Castro 27 Local, 50018 Zaragoza",+34 976 958 638,,https://www.seia.es/,,"Full renovations of homes, offices, and industrial units|Kitchen and bathroom renovations|Climate and heating systems|Home automation and lighting|Energy-efficiency upgrades|Architecture and engineering coordination",es,"Zaragoza renovation firm with a published Actur-area office. Public services include full renovations of homes, offices, and industrial spaces, plus kitchens, bathrooms, climate systems, lighting/automation, and architecture coordination.",SEIA Reformas y Proyectos — Renovation in Zaragoza | DImarket,"SEIA Reformas y Proyectos offers full renovations of homes, offices, and industrial units, kitchen and bathroom renovations, climate and heating systems in Zara",seia-reformas-zaragoza,"SEIA Reformas y Proyectos|Renovation|Interior Design|HVAC|Electrician|Doors|Architecture|Zaragoza|Aragon|Spain|Full renovations of homes, offices, and industrial units|Kitchen and bathroom renovations|Climate and heating systems|Home automation and lighting|DImarket",directory+seia-reformas-zaragoza@users.dimarket.app
